id,number,name
1,1101 ,台泥
2,1102 ,亞泥 
3,1103 ,嘉泥 
4,1104 ,環泥 
5,1108 ,幸福 
6,1109 ,信大 
7,1110 ,東泥 
8,1201 ,味全 
9,1203 ,味王 
10,1210 ,大成 
11,1213 ,大飲 
12,1215 ,卜蜂 
13,1216 ,統一 
14,1217 ,愛之味 
15,1218 ,泰山 
16,1219 ,福壽 
17,1220 ,台榮 
18,1225 ,福懋油 
19,1227 ,佳格 
20,1229 ,聯華 
21,1231 ,聯華食 
22,1232 ,大統益 
23,1233 ,天仁 
24,1234 ,黑松 
25,1235 ,興泰 
26,1236 ,宏亞 
27,1256 ,鮮活果汁-KY 
28,1702 ,南僑 
29,1737 ,臺鹽 
30,1301 ,台塑 
31,1303 ,南亞 
32,1304 ,台聚 
33,1305 ,華夏 
34,1307 ,三芳 
35,1308 ,亞聚 
36,1309 ,台達化 
37,1310 ,台苯 
38,1312 ,國喬 
39,1313 ,聯成 
40,1314 ,中石化 
41,1315 ,達新 
42,1319 ,東陽 
43,1321 ,大洋 
44,1323 ,永裕 
45,1324 ,地球 
46,1325 ,恆大 
47,1326 ,台化 
48,1337 ,再生-KY 
49,1339 ,昭輝 
50,1340 ,勝悅-KY 
51,1715 ,萬洲 
52,4306 ,炎洲 
53,1402 ,遠東新 
54,1409 ,新纖 
55,1410 ,南染 
56,1413 ,宏洲 
57,1414 ,東和 
58,1416 ,廣豐 
59,1417 ,嘉裕 
60,1418 ,東華 
61,1419 ,新紡 
62,1423 ,利華 
63,1432 ,大魯閣 
64,1434 ,福懋 
65,1439 ,中和 
66,1440 ,南紡 
67,1441 ,大東 
68,1443 ,立益 
69,1444 ,力麗 
70,1445 ,大宇 
71,1446 ,宏和 
72,1447 ,力鵬 
73,1449 ,佳和 
74,1451 ,年興 
75,1452 ,宏益 
76,1453 ,大將 
77,1454 ,台富 
78,1455 ,集盛 
79,1456 ,怡華 
80,1457 ,宜進 
81,1459 ,聯發 
82,1460 ,宏遠 
83,1463 ,強盛 
84,1464 ,得力 
85,1465 ,偉全 
86,1466 ,聚隆 
87,1467 ,南緯 
88,1468 ,昶和 
89,1469 ,理隆 
90,1470 ,大統染 
91,1472 ,三洋紡 
92,1473 ,台南 
93,1474 ,弘裕 
94,1475 ,本盟 
95,1476 ,儒鴻 
96,1477 ,聚陽 
97,4414 ,如興 
98,4426 ,利勤 
99,1503 ,士電 
100,1504 ,東元 
101,1506 ,正道 
102,1507 ,永大 
103,1512 ,瑞利 
104,1513 ,中興電 
105,1514 ,亞力 
106,1515 ,力山 
107,1517 ,利奇 
108,1519 ,華城 
109,1521 ,大億 
110,1522 ,堤維西 
111,1524 ,耿鼎 
112,1525 ,江申 
113,1526 ,日馳 
114,1527 ,鑽全 
115,1528 ,恩德 
116,1529 ,樂士 
117,1530 ,亞崴 
118,1531 ,高林股 
119,1532 ,勤美 
120,1533 ,車王電 
121,1535 ,中宇 
122,1536 ,和大 
123,1537 ,廣隆 
124,1538 ,正峰新 
125,1539 ,巨庭 
126,1540 ,喬福 
127,1541 ,錩泰 
128,1558 ,伸興 
129,1560 ,中砂 
130,1583 ,程泰 
131,1589 ,永冠-KY 
132,1590 ,亞德客-KY 
133,2049 ,上銀 
134,2228 ,劍麟 
135,2231 ,為升 
136,2371 ,大同 
137,3167 ,大量 
138,4526 ,東台 
139,4532 ,瑞智 
140,6605 ,帝寶 
141,8374 ,羅昇 
142,8996 ,高力 
143,1603 ,華電 
144,1604 ,聲寶 
145,1605 ,華新 
146,1608 ,華榮 
147,1609 ,大亞 
148,1611 ,中電 
149,1612 ,宏泰 
150,1613 ,台一 
151,1614 ,三洋電 
152,1615 ,大山 
153,1616 ,億泰 
154,1617 ,榮星 
155,1618 ,合機 
156,1626 ,艾美特-KY 
157,4930 ,燦星網 
158,1316 ,上曜 
159,1704 ,榮化 
160,1708 ,東鹼 
161,1709 ,和益 
162,1710 ,東聯 
163,1711 ,永光 
164,1712 ,興農 
165,1713 ,國化 
166,1714 ,和桐 
167,1717 ,長興 
168,1718 ,中纖 
169,1721 ,三晃 
170,1722 ,台肥 
171,1723 ,中碳 
172,1724 ,台硝 
173,1725 ,元禎 
174,1726 ,永記 
175,1727 ,中華化 
176,1730 ,花仙子 
177,1732 ,毛寶 
178,1735 ,日勝化 
179,1773 ,勝一 
180,4720 ,德淵 
181,4722 ,國精化 
182,4725 ,信昌化 
183,4733 ,上緯 
184,4755 ,三福化 
185,1701 ,中化 
186,1707 ,葡萄王 
187,1720 ,生達 
188,1729 ,必翔 
189,1731 ,美吾華 
190,1733 ,五鼎 
191,1734 ,杏輝 
192,1736 ,喬山 
193,1762 ,中化生 
194,1783 ,和康生 
195,1786 ,科妍 
196,1789 ,神隆 
197,3164 ,景岳 
198,3705 ,永信 
199,4104 ,佳醫 
200,4106 ,雃博 
201,4108 ,懷特 
202,4119 ,旭富 
203,4133 ,亞諾法 
204,4137 ,麗豐-KY 
205,4141 ,龍燈-KY 
206,4142 ,國光生 
207,4144 ,康聯-KY 
208,4164 ,承業醫 
209,4737 ,華廣 
210,4746 ,台耀 
211,1802 ,台玻 
212,1806 ,冠軍 
213,1809 ,中釉 
214,1810 ,和成 
215,1817 ,凱撒衛 
216,1902 ,台紙 
217,1903 ,士紙 
218,1904 ,正隆 
219,1905 ,華紙 
220,1906 ,寶隆 
221,1907 ,永豐餘 
222,1909 ,榮成 
223,2002 ,中鋼 
224,2006 ,東和鋼鐵 
225,2007 ,燁興 
226,2008 ,高興昌 
227,2009 ,第一銅 
228,2010 ,春源 
229,2012 ,春雨 
230,2013 ,中鋼構 
231,2014 ,中鴻 
232,2015 ,豐興 
233,2017 ,官田鋼 
234,2020 ,美亞 
235,2022 ,聚亨 
236,2023 ,燁輝 
237,2024 ,志聯 
238,2025 ,千興 
239,2027 ,大成鋼 
240,2028 ,威致 
241,2029 ,盛餘 
242,2030 ,彰源 
243,2031 ,新光鋼 
244,2032 ,新鋼 
245,2033 ,佳大 
246,2034 ,允強 
247,2038 ,海光 
248,3004 ,豐達科 
249,5007 ,三星 
250,5538 ,東明-KY 
251,9958 ,世紀鋼 
252,2101 ,南港 
253,2102 ,泰豐 
254,2103 ,台橡 
255,2104 ,中橡 
256,2105 ,正新 
257,2106 ,建大 
258,2107 ,厚生 
259,2108 ,南帝 
260,2109 ,華豐 
261,2114 ,鑫永銓 
262,2115 ,六暉-KY 
263,1338 ,廣華-KY 
264,2201 ,裕隆 
265,2204 ,中華 
266,2206 ,三陽工業 
267,2207 ,和泰車 
268,2227 ,裕日車 
269,1437 ,勤益控 
270,2302 ,麗正 
271,2303 ,聯電 
272,2311 ,日月光 
273,2325 ,矽品 
274,2329 ,華泰 
275,2330 ,台積電 
276,2337 ,旺宏 
277,2338 ,光罩 
278,2342 ,茂矽 
279,2344 ,華邦電 
280,2351 ,順德 
281,2363 ,矽統 
282,2369 ,菱生 
283,2379 ,瑞昱 
284,2388 ,威盛 
285,2401 ,凌陽 
286,2408 ,南亞科 
287,2434 ,統懋 
288,2436 ,偉詮電 
289,2441 ,超豐 
290,2449 ,京元電子 
291,2451 ,創見 
292,2454 ,聯發科 
293,2458 ,義隆 
294,2481 ,強茂 
295,3006 ,晶豪科 
296,3014 ,聯陽 
297,3016 ,嘉晶 
298,3034 ,聯詠 
299,3035 ,智原 
300,3041 ,揚智 
301,3054 ,立萬利 
302,3094 ,聯傑 
303,3189 ,景碩 
304,3257 ,虹冠電 
305,3443 ,創意 
306,3474 ,華亞科 
307,3519 ,綠能 
308,3532 ,台勝科 
309,3536 ,誠創 
310,3545 ,敦泰 
311,3559 ,全智科 
312,3579 ,尚志 
313,3583 ,辛耘 
314,3588 ,通嘉 
315,3686 ,達能 
316,4919 ,新唐 
317,4952 ,凌通 
318,5269 ,祥碩 
319,5285 ,界霖 
320,5305 ,敦南 
321,5471 ,松翰 
322,6202 ,盛群 
323,6239 ,力成 
324,6243 ,迅杰 
325,6257 ,矽格 
326,6271 ,同欣電 
327,6415 ,矽力-KY 
328,8016 ,矽創 
329,8081 ,致新 
330,8110 ,華東 
331,8131 ,福懋科 
332,8150 ,南茂 
333,8261 ,富鼎 
334,8271 ,宇瞻 
335,2301 ,光寶科 
336,2305 ,全友 
337,2324 ,仁寶 
338,2331 ,精英 
339,2352 ,佳世達 
340,2353 ,宏碁 
341,2356 ,英業達 
342,2357 ,華碩 
343,2358 ,廷鑫 
344,2362 ,藍天 
345,2364 ,倫飛 
346,2365 ,昆盈 
347,2376 ,技嘉 
348,2377 ,微星 
349,2380 ,虹光 
350,2382 ,廣達 
351,2387 ,精元 
352,2395 ,研華 
353,2397 ,友通 
354,2399 ,映泰 
355,2405 ,浩鑫 
356,2417 ,圓剛 
357,2424 ,隴華 
358,2425 ,承啟 
359,2442 ,新美齊 
360,2465 ,麗臺 
361,3002 ,歐格 
362,3005 ,神基 
363,3013 ,晟銘電 
364,3017 ,奇鋐 
365,3022 ,威強電 
366,3046 ,建碁 
367,3057 ,喬鼎 
368,3060 ,銘異 
369,3231 ,緯創 
370,3416 ,融程電 
371,3494 ,誠研 
372,3515 ,華擎 
373,3701 ,大眾控 
374,3706 ,神達 
375,4915 ,致伸 
376,4916 ,事欣科 
377,4938 ,和碩 
378,5215 ,科嘉-KY 
379,5264 ,鎧勝-KY 
380,6117 ,迎廣 
381,6128 ,上福 
382,6166 ,凌華 
383,6172 ,互億 
384,6206 ,飛捷 
385,6230 ,超眾 
386,6235 ,華孚 
387,6277 ,宏正 
388,6414 ,樺漢 
389,8114 ,振樺電 
390,8163 ,達方 
391,8210 ,勤誠 
392,9912 ,偉聯 
393,2323 ,中環 
394,2340 ,光磊 
395,2349 ,錸德 
396,2374 ,佳能 
397,2393 ,億光 
398,2406 ,國碩 
399,2409 ,友達 
400,2426 ,鼎元 
401,2438 ,翔耀 
402,2448 ,晶電 
403,2466 ,冠西電 
404,2475 ,華映 
405,2486 ,一詮 
406,2489 ,瑞軒 
407,2491 ,吉祥全 
408,2499 ,東貝 
409,3008 ,大立光 
410,3019 ,亞光 
411,3024 ,憶聲 
412,3031 ,佰鴻 
413,3038 ,全台 
414,3049 ,和鑫 
415,3050 ,鈺德 
416,3051 ,力特 
417,3059 ,華晶科 
418,3149 ,正達 
419,3356 ,奇偶 
420,3383 ,新世紀 
421,3406 ,玉晶光 
422,3454 ,晶睿 
423,3481 ,群創 
424,3504 ,揚明光 
425,3514 ,昱晶 
426,3535 ,晶彩科 
427,3557 ,嘉威 
428,3561 ,昇陽光電 
429,3576 ,新日光 
430,3591 ,艾笛森 
431,3622 ,洋華 
432,3669 ,圓展 
433,3673 ,TPK-KY 
434,3698 ,隆達 
435,4934 ,太極 
436,4935 ,茂林-KY 
437,4942 ,嘉彰 
438,4956 ,光鋐 
439,4960 ,奇美材 
440,4976 ,佳凌 
441,5234 ,達興材料 
442,5243 ,乙盛-KY 
443,5259 ,清惠 
444,5484 ,慧友 
445,6116 ,彩晶 
446,6120 ,達運 
447,6131 ,悠克 
448,6164 ,華興 
449,6168 ,宏齊 
450,6176 ,瑞儀 
451,6209 ,今國光 
452,6225 ,天瀚 
453,6226 ,光鼎 
454,6278 ,台表科 
455,6289 ,華上 
456,6405 ,悅城 
457,8072 ,陞泰 
458,8105 ,凌巨 
459,8215 ,明基材 
460,2314 ,台揚 
461,2321 ,東訊 
462,2332 ,友訊 
463,2345 ,智邦 
464,2412 ,中華電 
465,2419 ,仲琦 
466,2439 ,美律 
467,2444 ,友旺 
468,2450 ,神腦 
469,2455 ,全新 
470,2485 ,兆赫 
471,2496 ,卓越 
472,2498 ,宏達電 
473,3025 ,星通 
474,3027 ,盛達 
475,3045 ,台灣大 
476,3047 ,訊舟 
477,3062 ,建漢 
478,3311 ,閎暉 
479,3380 ,明泰 
480,3419 ,譁裕 
481,3596 ,智易 
482,3682 ,亞太電 
483,3694 ,海華 
484,3704 ,合勤控 
485,4904 ,遠傳 
486,4906 ,正文 
487,4977 ,眾達-KY 
488,4984 ,科納-KY 
489,5388 ,中磊 
490,6136 ,富爾特 
491,6142 ,友勁 
492,6152 ,百一 
493,6216 ,居易 
494,6283 ,淳安 
495,6285 ,啟碁 
496,8011 ,台通 
497,8101 ,華冠 
498,1471 ,首利 
499,1582 ,信錦 
500,2059 ,川湖 
501,2308 ,台達電 
502,2313 ,華通 
503,2316 ,楠梓電 
504,2327 ,國巨 
505,2328 ,廣宇 
506,2355 ,敬鵬 
507,2367 ,燿華 
508,2368 ,金像電 
509,2375 ,智寶 
510,2383 ,台光電 
511,2385 ,群光 
512,2392 ,正崴 
513,2402 ,毅嘉 
514,2413 ,環科 
515,2415 ,錩新 
516,2420 ,新巨 
517,2421 ,建準 
518,2428 ,興勤 
519,2429 ,銘旺科 
520,2431 ,聯昌 
521,2437 ,旺詮 
522,2440 ,太空梭 
523,2443 ,新利虹 
524,2456 ,奇力新 
525,2457 ,飛宏 
526,2460 ,建通 
527,2462 ,良得電 
528,2467 ,志聖 
529,2472 ,立隆電 
530,2476 ,鉅祥 
531,2478 ,大毅 
532,2483 ,百容 
533,2484 ,希華 
534,2492 ,華新科 
535,2493 ,揚博 
536,3003 ,健和興 
537,3011 ,今皓 
538,3015 ,全漢 
539,3021 ,鴻名 
540,3023 ,信邦 
541,3026 ,禾伸堂 
542,3032 ,偉訓 
543,3037 ,欣興 
544,3042 ,晶技 
545,3044 ,健鼎 
546,3058 ,立德 
547,3090 ,日電貿 
548,3229 ,晟鈦 
549,3296 ,勝德 
550,3308 ,聯德 
551,3338 ,泰碩 
552,3376 ,新日興 
553,3432 ,台端 
554,3501 ,維熹 
555,3533 ,嘉澤 
556,3550 ,聯穎 
557,3593 ,力銘 
558,3605 ,宏致 
559,3607 ,谷崧 
560,3645 ,達邁 
561,3653 ,健策 
562,3679 ,新至陞 
563,4912 ,聯德控股-KY 
564,4927 ,泰鼎-KY 
565,4958 ,臻鼎-KY 
566,4999 ,鑫禾 
567,5469 ,瀚宇博 
568,6108 ,競國 
569,6115 ,鎰勝 
570,6133 ,金橋 
571,6141 ,柏承 
572,6153 ,嘉聯益 
573,6155 ,鈞寶 
574,6165 ,捷泰 
575,6191 ,精成科 
576,6197 ,佳必琪 
577,6205 ,詮欣 
578,6213 ,聯茂 
579,6224 ,聚鼎 
580,6251 ,定穎 
581,6269 ,台郡 
582,6282 ,康舒 
583,6412 ,群電 
584,8039 ,台虹 
585,8046 ,南電 
586,8103 ,瀚荃 
587,8213 ,志超 
588,8249 ,菱光 
589,2347 ,聯強 
590,2414 ,精技 
591,2430 ,燦坤 
592,2459 ,敦吉 
593,3010 ,華立 
594,3028 ,增你強 
595,3033 ,威健 
596,3036 ,文曄 
597,3048 ,益登 
598,3055 ,蔚華科 
599,3209 ,全科 
600,3312 ,弘憶股 
601,3315 ,宣昶 
602,3528 ,安馳 
603,3702 ,大聯大 
604,5434 ,崇越 
605,6145 ,勁永 
606,6189 ,豐藝 
607,6281 ,全國電 
608,8070 ,長華 
609,8112 ,至上 
610,2427 ,三商電 
611,2453 ,凌群 
612,2468 ,華經 
613,2471 ,資通 
614,2480 ,敦陽科 
615,3029 ,零壹 
616,3130 ,一零四 
617,4994 ,傳奇 
618,5203 ,訊連 
619,6112 ,聚碩 
620,6183 ,關貿 
621,6214 ,精誠 
622,2312 ,金寶 
623,2317 ,鴻海 
624,2354 ,鴻準 
625,2359 ,所羅門 
626,2360 ,致茂 
627,2373 ,震旦行 
628,2390 ,云辰 
629,2404 ,漢唐 
630,2423 ,固緯 
631,2433 ,互盛電 
632,2461 ,光群雷 
633,2464 ,盟立 
634,2474 ,可成 
635,2477 ,美隆電 
636,2482 ,連宇 
637,2488 ,漢平 
638,2495 ,普安 
639,2497 ,怡利電 
640,3018 ,同開 
641,3030 ,德律 
642,3043 ,科風 
643,3305 ,昇貿 
644,3450 ,聯鈞 
645,3518 ,柏騰 
646,3617 ,碩天 
647,3665 ,貿聯-KY 
648,5225 ,東科-KY 
649,6139 ,亞翔 
650,6192 ,巨路 
651,6196 ,帆宣 
652,6201 ,亞弘電 
653,6215 ,和椿 
654,6409 ,旭隼 
655,8021 ,尖點 
656,8201 ,無敵 
657,1436 ,華友聯 
658,1438 ,裕豐 
659,1442 ,名軒 
660,1805 ,寶徠 
661,1808 ,潤隆 
662,2501 ,國建 
663,2504 ,國產 
664,2505 ,國揚 
665,2506 ,太設 
666,2509 ,全坤建 
667,2511 ,太子 
668,2515 ,中工 
669,2516 ,新建 
670,2520 ,冠德 
671,2524 ,京城 
672,2527 ,宏璟 
673,2528 ,皇普 
674,2530 ,華建 
675,2534 ,宏盛 
676,2535 ,達欣工 
677,2536 ,宏普 
678,2537 ,聯上發 
679,2538 ,基泰 
680,2539 ,櫻花建 
681,2540 ,愛山林 
682,2542 ,興富發 
683,2543 ,皇昌 
684,2545 ,皇翔 
685,2546 ,根基 
686,2547 ,日勝生 
687,2548 ,華固 
688,2597 ,潤弘 
689,2841 ,台開 
690,2923 ,鼎固-KY 
691,3052 ,夆典 
692,3056 ,總太 
693,3266 ,昇陽 
694,3703 ,欣陸 
695,5515 ,建國 
696,5519 ,隆大 
697,5521 ,工信 
698,5522 ,遠雄 
699,5525 ,順天 
700,5531 ,鄉林 
701,5533 ,皇鼎 
702,5534 ,長虹 
703,6177 ,達麗 
704,9906 ,欣巴巴 
705,9946 ,三發地產 
706,2208 ,台船 
707,2603 ,長榮 
708,2605 ,新興 
709,2606 ,裕民 
710,2607 ,榮運 
711,2608 ,大榮 
712,2609 ,陽明 
713,2610 ,華航 
714,2611 ,志信 
715,2612 ,中航 
716,2613 ,中櫃 
717,2615 ,萬海 
718,2617 ,台航 
719,2618 ,長榮航 
720,2637 ,慧洋-KY 
721,2642 ,宅配通 
722,5607 ,遠雄港 
723,5608 ,四維航 
724,6702 ,興航 
725,2701 ,萬企 
726,2702 ,華園 
727,2704 ,國賓 
728,2705 ,六福 
729,2706 ,第一店 
730,2707 ,晶華 
731,2712 ,遠雄來 
732,2722 ,夏都 
733,2723 ,美食-KY 
734,2727 ,王品 
735,2731 ,雄獅 
736,5706 ,鳳凰 
737,8940 ,新天地 
738,9943 ,好樂迪 
739,2801 ,彰銀 
740,2809 ,京城銀 
741,2812 ,台中銀 
742,2816 ,旺旺保 
743,2820 ,華票 
744,2823 ,中壽 
745,2832 ,台產 
746,2833 ,台壽保 
747,2834 ,臺企銀 
748,2836 ,高雄銀 
749,2837 ,凱基銀 
750,2838 ,聯邦銀 
751,2845 ,遠東銀 
752,2847 ,大眾銀 
753,2849 ,安泰銀 
754,2850 ,新產 
755,2851 ,中再保 
756,2852 ,第一保 
757,2855 ,統一證 
758,2856 ,元富證 
759,2867 ,三商壽 
760,2880 ,華南金 
761,2881 ,富邦金 
762,2882 ,國泰金 
763,2883 ,開發金 
764,2884 ,玉山金 
765,2885 ,元大金 
766,2886 ,兆豐金 
767,2887 ,台新金 
768,2888 ,新光金 
769,2889 ,國票金 
770,2890 ,永豐金 
771,2891 ,中信金 
772,2892 ,第一金 
773,5880 ,合庫金 
774,6005 ,群益證 
775,2601 ,益航 
776,2614 ,東森 
777,2901 ,欣欣 
778,2903 ,遠百 
779,2905 ,三商 
780,2906 ,高林 
781,2908 ,特力 
782,2910 ,統領 
783,2911 ,麗嬰房 
784,2912 ,統一超 
785,2913 ,農林 
786,2915 ,潤泰全 
787,2929 ,淘帝-KY 
788,5906 ,台南-KY 
789,5907 ,大洋-KY 
790,8429 ,金麗-KY 
791,2616 ,山隆 
792,6505 ,台塑化 
793,8926 ,台汽電 
794,9908 ,大台北 
795,9918 ,欣天然 
796,9926 ,新海 
797,9931 ,欣高 
798,9937 ,全國 
799,9103 ,美德醫療-DR 
800,910322 ,康師傅-DR 
801,910482 ,聖馬丁-DR 
802,9105 ,泰金寶-DR 
803,9106 ,新焦點-DR 
804,910708 ,恒大健-DR 
805,910801 ,金衛-DR 
806,910861 ,神州-DR 
807,9110 ,越南控-DR 
808,911608 ,明輝-DR 
809,911611 ,中泰山-DR 
810,911616 ,杜康-DR 
811,911619 ,耀傑-DR 
812,911622 ,泰聚亨-DR 
813,911626 ,MSH-DR 
814,911868 ,同方友友-DR 
815,912000 ,晨訊科-DR 
816,912398 ,友佳-DR 
817,9136 ,巨騰-DR 
818,9157 ,陽光能源-DR 
819,9188 ,精熙-DR 
820,1262 ,綠悅-KY 
821,1435 ,中福 
822,1516 ,川飛 
823,2062 ,橋椿 
824,2348 ,海悅 
825,2514 ,龍邦 
826,2904 ,匯僑 
827,3040 ,遠見 
828,4536 ,拓凱 
829,5871 ,中租-KY 
830,6184 ,大豐電 
831,6504 ,南六 
832,8033 ,雷虎 
833,8404 ,百和興業-KY 
834,8411 ,福貞-KY 
835,8422 ,可寧衛 
836,8427 ,基勝-KY 
837,9802 ,鈺齊-KY 
838,9902 ,台火 
839,9904 ,寶成 
840,9905 ,大華 
841,9907 ,統一實 
842,9910 ,豐泰 
843,9911 ,櫻花 
844,9914 ,美利達 
845,9917 ,中保 
846,9919 ,康那香 
847,9921 ,巨大 
848,9924 ,福興 
849,9925 ,新保 
850,9927 ,泰銘 
851,9928 ,中視 
852,9929 ,秋雨 
853,9930 ,中聯資源 
854,9933 ,中鼎 
855,9934 ,成霖 
856,9935 ,慶豐富 
857,9938 ,百和 
858,9939 ,宏全 
859,9940 ,信義 
860,9941 ,裕融 
861,9942 ,茂順 
862,9944 ,新麗 
863,9945 ,潤泰新 
864,9955 ,佳龍 
865,0050 ,元大台灣50 
866,0051 ,元大中型100 
867,0052 ,FB科技 
868,0053 ,元大電子 
869,0054 ,元大台商50 
870,0055 ,元大MSCI金融 
871,0056 ,元大高股息 
872,0057 ,FB摩台 
873,0058 ,FB發達 
874,0059 ,FB金融 
875,0061 ,元大寶滬深 
876,006203 ,元大MSCI台灣 
877,006204 ,永豐臺灣加權 
878,006205 ,FB上証 
879,006206 ,元大上證50 
880,006207 ,FH滬深 
881,006208 ,FB台50 
882,008201 ,BP上證50 
883,01001T ,土銀富邦R1 
884,01002T ,土銀國泰R1 
885,01003T ,兆豐新光R1 
886,01004T ,土銀富邦R2 
887,01007T ,兆豐國泰R2 
888,1799 ,易威 
889,1813 ,寶利徠 
890,3118 ,進階 
891,1258 ,其祥-KY 
892,4205 ,中華食 
893,4207 ,環泰 
894,4712 ,南璋 
895,4303 ,信立 
896,4304 ,勝昱 
897,4305 ,世坤 
898,8354 ,冠好 
899,9950 ,萬國通 
900,4401 ,東隆興 
901,4402 ,福大 
902,4406 ,新昕纖 
903,4413 ,飛寶 
904,4417 ,金洲 
905,4419 ,松懋 
906,4420 ,光明 
907,4429 ,聚紡 
908,4432 ,銘旺實 
909,1566 ,捷邦 
910,1570 ,力肯 
911,1580 ,新麥 
912,1586 ,和勤 
913,1591 ,駿吉-KY 
914,1597 ,直得 
915,1599 ,宏佳騰 
916,2066 ,世德 
917,2230 ,泰茂 
918,2233 ,宇隆 
919,3162 ,精確 
920,3226 ,至寶電 
921,3379 ,彬台 
922,4502 ,健信 
923,4503 ,金雨 
924,4506 ,崇友 
925,4510 ,高鋒 
926,4513 ,福裕 
927,4523 ,永彰 
928,4527 ,方土霖 
929,4528 ,江興鍛 
930,4530 ,宏易 
931,4533 ,協易機 
932,4534 ,慶騰 
933,4535 ,至興 
934,6122 ,擎邦 
935,6603 ,富強鑫 
936,6609 ,瀧澤科 
937,8083 ,瑞穎 
938,8107 ,大億科 
939,8255 ,朋程 
940,9951 ,皇田 
941,2061 ,風青 
942,4609 ,唐鋒 
943,1742 ,台蠟 
944,1787 ,福盈科 
945,4702 ,中美實 
946,4706 ,大恭 
947,4707 ,磐亞 
948,4711 ,永純 
949,4714 ,永捷 
950,4716 ,大立 
951,4721 ,美琪瑪 
952,4739 ,康普 
953,6506 ,雙邦 
954,6509 ,聚和 
955,1565 ,精華 
956,1593 ,祺驊 
957,1752 ,南光 
958,1777 ,生泰 
959,1781 ,合世 
960,1784 ,訊聯 
961,1788 ,杏昌 
962,1795 ,美時 
963,3317 ,尼克森 
964,3372 ,典範 
965,3438 ,類比科 
966,3176 ,基亞 
967,3205 ,佰研 
968,3218 ,大學光 
969,4102 ,永日 
970,4103 ,百略 
971,4105 ,東洋 
972,4107 ,邦特 
973,4109 ,穆拉德 
974,4111 ,濟生 
975,4114 ,健喬 
976,4120 ,友華 
977,4121 ,優盛 
978,4123 ,晟德 
979,4126 ,太醫 
980,4127 ,天良 
981,4128 ,中天 
982,4129 ,聯合 
983,4130 ,健亞 
984,4131 ,晶宇 
985,4138 ,曜亞 
986,4139 ,馬光-KY 
987,4152 ,台微體 
988,4153 ,鈺緯 
989,4154 ,康樂-KY 
990,4157 ,太景*-KY 
991,4160 ,創源 
992,4161 ,聿新科 
993,4162 ,智擎 
994,4163 ,鐿鈦 
995,4168 ,醣聯 
996,4173 ,久裕 
997,4175 ,杏一 
998,4180 ,安成藥 
999,4726 ,永昕 
1000,4728 ,雙美 
1001,4735 ,豪展 
1002,4736 ,泰博 
1003,4743 ,合一 
1004,4745 ,合富-KY 
1005,4747 ,強生 
1006,4911 ,德英 
1007,6130 ,基因 
1008,6242 ,立康 
1009,8403 ,盛弘 
1010,8406 ,金可-KY 
1011,8409 ,商之器 
1012,8432 ,東生華 
1013,8436 ,大江 
1014,2035 ,唐榮 
1015,2063 ,世鎧 
1016,5009 ,榮剛 
1017,5011 ,久陽 
1018,5013 ,強新 
1019,5014 ,建錩 
1020,5015 ,華祺 
1021,5016 ,松和 
1022,6248 ,沛波 
1023,8349 ,恒耀 
1024,8930 ,青鋼 
1025,9962 ,有益 
1026,5102 ,富強 
1027,3073 ,普格 
1028,3105 ,穩懋 
1029,3141 ,晶宏 
1030,3169 ,亞信 
1031,3188 ,鑫龍騰 
1032,3219 ,倚強 
1033,3227 ,原相 
1034,3228 ,金麗科 
1035,3259 ,鑫創 
1036,3260 ,威剛 
1037,3264 ,欣銓 
1038,3265 ,台星科 
1039,3268 ,海德威 
1040,3291 ,遠翔科 
1041,5490 ,同亨 
1042,6105 ,瑞傳 
1043,6121 ,新普 
1044,3527 ,聚積 
1045,3529 ,力旺 
1046,3553 ,力積 
1047,3555 ,重鳥鵬 
1048,3556 ,禾瑞亞 
1049,3567 ,逸昌 
1050,3658 ,漢微科 
1051,3675 ,德微 
1052,3680 ,家登 
1053,4947 ,昂寶-KY 
1054,4966 ,譜瑞-KY 
1055,4971 ,IET-KY 
1056,4973 ,廣穎 
1057,5272 ,笙科 
1058,5274 ,信驊 
1059,5302 ,太欣 
1060,5314 ,世紀 
1061,5344 ,立衛 
1062,5347 ,世界 
1063,5351 ,鈺創 
1064,5425 ,台半 
1065,5455 ,訊利電 
1066,5468 ,凱鈺 
1067,5483 ,中美晶 
1068,5487 ,通泰 
1069,6103 ,合邦 
1070,6104 ,創惟 
1071,6129 ,普誠 
1072,6138 ,茂達 
1073,6147 ,頎邦 
1074,6182 ,合晶 
1075,6198 ,凌泰 
1076,6223 ,旺矽 
1077,6229 ,研通 
1078,6233 ,旺玖 
1079,6237 ,驊訊 
1080,6261 ,久元 
1081,6287 ,元隆 
1082,6291 ,沛亨 
1083,6411 ,晶焱 
1084,8024 ,佑華 
1085,8040 ,九暘 
1086,8054 ,安國 
1087,8079 ,誠遠 
1088,8086 ,宏捷科 
1089,8088 ,品安 
1090,8277 ,商丞 
1091,1569 ,濱川 
1092,3071 ,協禧 
1093,3088 ,艾訊 
1094,3211 ,順達 
1095,3213 ,茂訊 
1096,3287 ,廣寰科 
1097,3323 ,加百裕 
1098,3325 ,旭品 
1099,3479 ,安勤 
1100,3483 ,力致 
1101,3521 ,鴻翊 
1102,3540 ,曜越 
1103,3577 ,泓格 
1104,3594 ,磐儀 
1105,3611 ,鼎翰 
1106,3625 ,西勝 
1107,3652 ,精聯 
1108,3693 ,營邦 
1109,4924 ,欣厚-KY 
1110,4987 ,科誠 
1111,5289 ,宜鼎 
1112,5304 ,鼎創達 
1113,5356 ,協益 
1114,5384 ,捷元 
1115,5386 ,青雲 
1116,5426 ,振發 
1117,5438 ,東友 
1118,5450 ,寶聯通 
1119,5465 ,富驊 
1120,5474 ,聰泰 
1121,3632 ,研勤 
1122,3664 ,安瑞-KY 
1123,3684 ,榮昌 
1124,6123 ,上奇 
1125,6150 ,撼訊 
1126,6160 ,欣技 
1127,6161 ,捷波 
1128,6188 ,廣明 
1129,6222 ,上揚 
1130,6228 ,全譜 
1131,6276 ,安鈦克 
1132,6298 ,崴強 
1133,8050 ,廣積 
1134,8076 ,伍豐 
1135,8234 ,新漢 
1136,8299 ,群聯 
1137,8410 ,森田 
1138,3066 ,李洲 
1139,3128 ,昇銳 
1140,3230 ,錦明 
1141,3297 ,杭特 
1142,3339 ,泰谷 
1143,3362 ,先進光 
1144,3428 ,光燿科 
1145,3434 ,哲固 
1146,3441 ,聯一光 
1147,3452 ,益通 
1148,3455 ,由田 
1149,3490 ,單井 
1150,3516 ,亞帝歐 
1151,3522 ,宏森 
1152,3523 ,迎輝 
1153,3531 ,先益 
1154,3562 ,頂晶科 
1155,3615 ,安可 
1156,3623 ,富晶通 
1157,3629 ,群富通 
1158,3630 ,新鉅科 
1159,3685 ,元創精密 
1160,3691 ,碩禾 
1161,4729 ,熒茂 
1162,4933 ,友輝 
1163,4944 ,兆遠 
1164,4972 ,湯石照明 
1165,4995 ,晶達 
1166,5230 ,雷笛克光學 
1167,5251 ,天鉞電 
1168,5315 ,光聯 
1169,5371 ,中光電 
1170,5392 ,應華 
1171,5432 ,達威 
1172,5443 ,均豪 
1173,6125 ,廣運 
1174,6167 ,久正 
1175,6234 ,高僑 
1176,6244 ,茂迪 
1177,6246 ,臺龍 
1178,8049 ,晶采 
1179,8064 ,東捷 
1180,8069 ,元太 
1181,8087 ,華鎂鑫 
1182,8111 ,立碁 
1183,8240 ,華宏 
1184,3068 ,美磊 
1185,3095 ,及成 
1186,3152 ,璟德 
1187,3163 ,波若威 
1188,3221 ,台嘉碩 
1189,3234 ,光環 
1190,3290 ,東浦 
1191,3299 ,帛漢 
1192,3306 ,鼎天 
1193,3363 ,上詮 
1194,3431 ,長天 
1195,3466 ,致振 
1196,3491 ,昇達科 
1197,3499 ,環天科 
1198,3558 ,神準 
1199,3564 ,其陽 
1200,5460 ,同協 
1201,5464 ,霖宏 
1202,5475 ,德宏 
1203,4903 ,聯光通 
1204,4905 ,台聯電 
1205,4908 ,前鼎 
1206,4909 ,新復興 
1207,4979 ,華星光 
1208,5348 ,系通 
1209,5353 ,台林 
1210,6109 ,亞元 
1211,6143 ,振曜 
1212,6163 ,華電網 
1213,6170 ,統振 
1214,6190 ,萬泰科 
1215,6218 ,豪勉 
1216,6241 ,易通展 
1217,6245 ,立端 
1218,6263 ,普萊德 
1219,8034 ,榮群 
1220,8048 ,德勝 
1221,8059 ,凱碩 
1222,8082 ,漢承泰 
1223,8097 ,常珵 
1224,8171 ,天宇 
1225,8176 ,智捷 
1226,1333 ,恩得利 
1227,1336 ,台翰 
1228,1595 ,川寶 
1229,1815 ,富喬 
1230,3078 ,僑威 
1231,3089 ,遠昇 
1232,3092 ,鴻碩 
1233,3114 ,好德 
1234,3115 ,寶島極 
1235,3144 ,新揚科 
1236,3191 ,和進 
1237,3202 ,樺晟 
1238,3206 ,志豐 
1239,3207 ,耀勝 
1240,3217 ,優群 
1241,3236 ,千如 
1242,3276 ,宇環 
1243,3288 ,點晶 
1244,3294 ,英濟 
1245,3310 ,佳穎 
1246,3313 ,斐成 
1247,3322 ,建舜電 
1248,3332 ,幸康 
1249,3354 ,律勝 
1250,3388 ,崇越電 
1251,3390 ,旭軟 
1252,3465 ,祥業 
1253,3484 ,崧騰 
1254,3511 ,矽瑪 
1255,3512 ,能緹 
1256,3520 ,振維 
1257,3526 ,凡甲 
1258,3537 ,堡達 
1259,3548 ,兆利 
1260,3609 ,東林 
1261,3624 ,光頡 
1262,3631 ,晟楠 
1263,3646 ,艾恩特 
1264,3689 ,湧德 
1265,4939 ,亞電 
1266,4974 ,亞泰 
1267,5227 ,立凱-KY 
1268,5309 ,系統電 
1269,5317 ,凱美 
1270,5321 ,友銓 
1271,5328 ,華容 
1272,5340 ,建榮 
1273,5345 ,天揚 
1274,5349 ,先豐 
1275,5355 ,佳總 
1276,5381 ,合正 
1277,5398 ,力瑋 
1278,5439 ,高技 
1279,5457 ,宣德 
1280,5310 ,天剛 
1281,5403 ,中菲 
1282,5410 ,國眾 
1283,5480 ,統盟 
1284,5481 ,華韡 
1285,5488 ,松普 
1286,5491 ,連展 
1287,5498 ,凱崴 
1288,6101 ,弘捷 
1289,6107 ,華美 
1290,6114 ,久威 
1291,6124 ,業強 
1292,6126 ,信音 
1293,6127 ,九豪 
1294,6134 ,萬旭 
1295,6156 ,松上 
1296,6158 ,禾昌 
1297,6173 ,信昌電 
1298,6174 ,安碁 
1299,6175 ,立敦 
1300,6185 ,幃翔 
1301,6194 ,育富 
1302,6203 ,海韻電 
1303,6204 ,艾華 
1304,6207 ,雷科 
1305,6208 ,日揚 
1306,6210 ,慶生 
1307,6217 ,中探針 
1308,6220 ,岳豐 
1309,6259 ,百徽 
1310,6266 ,泰詠 
1311,6274 ,台燿 
1312,6279 ,胡連 
1313,6284 ,佳邦 
1314,6290 ,良維 
1315,6292 ,迅德 
1316,8038 ,長園科 
1317,8042 ,金山電 
1318,8043 ,蜜望實 
1319,8071 ,能率豐 
1320,8074 ,鉅橡 
1321,8080 ,奧斯特 
1322,8091 ,翔名 
1323,8093 ,保銳 
1324,8109 ,博大 
1325,8121 ,越峰 
1326,8147 ,正淩 
1327,8155 ,博智 
1328,8182 ,加高 
1329,8287 ,英格爾 
1330,8289 ,泰藝 
1331,8291 ,尚茂 
1332,8358 ,金居 
1333,3224 ,三顧 
1334,3232 ,昱捷 
1335,3360 ,尚立 
1336,3444 ,利機 
1337,6113 ,亞矽 
1338,6118 ,建達 
1339,6154 ,順發 
1340,6227 ,茂綸 
1341,6265 ,方土昶 
1342,6270 ,倍微 
1343,8032 ,光菱 
1344,8067 ,志旭 
1345,8068 ,全達 
1346,8084 ,巨虹 
1347,8096 ,擎亞 
1348,3085 ,久大 
1349,3570 ,大塚 
1350,4953 ,緯軟 
1351,4965 ,商店街 
1352,5201 ,凱衛 
1353,5202 ,力新 
1354,5209 ,新鼎 
1355,5210 ,寶碩 
1356,5211 ,蒙恬 
1357,5212 ,凌網 
1358,5287 ,數字 
1359,2718 ,晶悅 
1360,2719 ,燦星旅 
1361,2724 ,富驛-KY 
1362,6140 ,訊達 
1363,6148 ,驊宏資 
1364,6221 ,晉泰 
1365,6231 ,系微 
1366,6240 ,松崗 
1367,8044 ,網家 
1368,8099 ,大世科 
1369,8416 ,實威 
1370,1785 ,光洋科 
1371,3067 ,全域 
1372,3093 ,港建 
1373,3131 ,弘塑 
1374,3285 ,微端 
1375,3289 ,宜特 
1376,3303 ,岱稜 
1377,3324 ,雙鴻 
1378,3373 ,熱映 
1379,3402 ,漢科 
1380,3498 ,陽程 
1381,3508 ,位速 
1382,3541 ,西柏 
1383,3551 ,世禾 
1384,3552 ,同致 
1385,3563 ,牧德 
1386,3580 ,友威科 
1387,3587 ,閎康 
1388,3628 ,盈正 
1389,3642 ,駿熠電 
1390,3663 ,鑫科 
1391,5205 ,漢康 
1392,5383 ,金利 
1393,5452 ,佶優 
1394,5489 ,彩富 
1395,5493 ,三聯 
1396,5536 ,聖暉 
1397,6146 ,耕興 
1398,6151 ,晉倫 
1399,6187 ,萬潤 
1400,6238 ,勝麗 
1401,6247 ,淇譽電 
1402,6275 ,元山 
1403,8047 ,星雲 
1404,8085 ,福華 
1405,8092 ,建暐 
1406,8183 ,精星 
1407,8383 ,千附 
1408,2596 ,綠意 
1409,3489 ,森寶 
1410,4113 ,聯上 
1411,4416 ,三圓 
1412,4907 ,富宇 
1413,5206 ,坤悅 
1414,5213 ,亞昕 
1415,5324 ,士開 
1416,5508 ,永信建 
1417,5511 ,德昌 
1418,5512 ,力麒 
1419,5514 ,三豐 
1420,5516 ,雙喜 
1421,5520 ,力泰 
1422,5523 ,豐謙 
1423,5529 ,志嘉 
1424,6171 ,亞銳士 
1425,6186 ,新潤 
1426,6212 ,理銘 
1427,6219 ,富旺 
1428,6264 ,富裔 
1429,8424 ,惠普 
1430,2636 ,台驊 
1431,5601 ,台聯櫃 
1432,5603 ,陸海 
1433,5604 ,中連貨 
1434,5609 ,中菲行 
1435,1259 ,安心 
1436,6294 ,智基 
1437,6803 ,崑鼎 
1438,8390 ,金益鼎 
1439,2729 ,瓦城 
1440,2734 ,易飛網 
1441,5301 ,寶得利 
1442,5364 ,力麗店 
1443,5701 ,劍湖山 
1444,5703 ,亞都 
1445,5704 ,老爺知 
1446,5820 ,日盛金 
1447,6015 ,宏遠證 
1448,6016 ,康和證 
1449,6020 ,大展證 
1450,6021 ,大慶證 
1451,6022 ,大眾證 
1452,6023 ,元大期 
1453,6024 ,群益期 
1454,2916 ,滿心 
1455,2924 ,東凌-KY 
1456,3171 ,新洲 
1457,5902 ,德記 
1458,5903 ,全家 
1459,5904 ,寶雅 
1460,5905 ,南仁湖 
1461,6195 ,詩肯 
1462,8066 ,來思達 
1463,8433 ,弘帆 
1464,8941 ,關中 
1465,9960 ,邁達康 
1466,8908 ,欣雄 
1467,8917 ,欣泰 
1468,8927 ,北基 
1469,8931 ,大汽電 
1470,2926 ,誠品生活 
1471,3064 ,泰偉 
1472,3083 ,網龍 
1473,3086 ,華義 
1474,3293 ,鈊象 
1475,3546 ,宇峻 
1476,3662 ,樂陞 
1477,3687 ,歐買尬 
1478,4946 ,辣椒 
1479,5263 ,智崴 
1480,5278 ,尚凡 
1481,5478 ,智冠 
1482,6111 ,大宇資 
1483,6144 ,得利影 
1484,6169 ,昱泉 
1485,6180 ,橘子 
1486,6508 ,惠光 
1487,8446 ,華研 
1488,8923 ,時報 
1489,9949 ,琉園 
1490,6199 ,天品 
1491,911613 ,特藝-DR 
1492,1584 ,精剛 
1493,2221 ,大甲 
1494,2640 ,大車隊 
1495,3252 ,海灣 
1496,3284 ,太普高 
1497,4430 ,耀億 
1498,4529 ,昶洧 
1499,4950 ,牧東 
1500,5306 ,桂盟 
1501,5312 ,寶島科 
1502,5395 ,圓方 
1503,5530 ,龍巖 
1504,6179 ,亞通 
1505,6236 ,康呈 
1506,8401 ,白紗科 
1507,8418 ,捷必勝-KY 
1508,8421 ,旭源 
1509,8423 ,保綠-KY 
1510,8426 ,紅木-KY 
1511,8435 ,鉅邁 
1512,8905 ,裕國 
1513,8906 ,花王 
1514,8913 ,全銓 
1515,8916 ,光隆 
1516,8921 ,沈氏 
1517,8924 ,大田 
1518,8928 ,鉅明 
1519,8929 ,富堡 
1520,8932 ,宏大 
1521,8933 ,愛地雅 
1522,8934 ,衡平 
1523,8935 ,邦泰 
1524,8936 ,國統 
1525,8937 ,合騏 
1526,8938 ,明安 
1527,8942 ,森鉅 
